epoch_num,epochtime_ms
0,31906.693359375
1,28961.724609375
2,29312.353515625
3,29665.662109375
4,29419.21875
5,30944.568359375
6,31321.126953125
7,31307.966796875
8,32851.5078125
9,32004.220703125
10,31965.02734375
11,33737.0
12,33163.91015625
13,33758.3828125
14,35392.515625
15,34943.3671875
16,36682.3671875
17,36290.75390625
18,37456.140625
19,36793.16796875
