epoch_num,epochtime_ms
0,28325.107421875
1,28540.650390625
2,28904.849609375
3,29388.966796875
4,31228.552734375
5,30226.349609375
6,30442.876953125
7,31364.80859375
8,32192.64453125
9,31457.501953125
10,32160.369140625
11,32989.84765625
12,32732.1328125
13,34224.359375
14,33449.01953125
15,35162.7265625
16,34980.8671875
17,34233.33984375
18,36545.4375
19,35640.7890625
