epoch_num,epochtime_ms
0,40242.88671875
1,40958.1953125
2,41714.66015625
3,41691.5234375
4,42963.44140625
5,43161.1171875
6,42812.83203125
7,43840.88671875
8,43851.796875
9,45803.9140625
10,45164.3125
11,45671.04296875
12,47448.61328125
13,46594.91015625
14,48557.46484375
15,47803.3046875
16,48124.1328125
17,50262.265625
18,50095.89453125
19,51621.9609375
