epoch_num,epochtime_ms
0,26192.16015625
1,26842.07421875
2,26918.42578125
3,27948.13671875
4,28300.353515625
5,28337.849609375
6,28557.818359375
7,30107.78125
8,29311.63671875
9,29754.978515625
10,30104.115234375
11,29587.642578125
12,32027.970703125
13,31320.1796875
14,31042.265625
15,31533.203125
16,32366.5546875
17,31993.46875
18,31834.693359375
19,33349.453125
