epoch_num,epochtime_ms
0,26450.978515625
1,26516.435546875
2,26148.29296875
3,27270.373046875
4,27489.40625
5,28367.841796875
6,28842.57421875
7,28054.169921875
8,28758.142578125
9,29081.966796875
10,29157.666015625
11,29590.05859375
12,30094.259765625
13,31165.013671875
14,30601.2109375
15,31139.349609375
16,31604.43359375
17,31520.078125
18,31036.32421875
19,31278.994140625
